Angle_deg,Mass_kg,Bore_mm,Force_N,Volume_L,KE_J,Accel_g
5,27,73.5022790133544,4243.18035242987,158.357933289949,36687.4038197859,14.717813914909
6,27,73.5450402430236,4248.11887654103,158.357933289949,36687.4038197859,14.717813914909
7,27,73.5876605112597,4253.04397896845,158.357933289949,36687.4038197859,14.717813914909
8,27,73.6301270915461,4257.95415947821,158.357933289949,36687.4038197859,14.717813914909
9,27,73.672427325076,4262.84792238177,158.357933289949,36687.4038197859,14.717813914909
10,27,73.7145486242175,4267.72377699153,158.357933289949,36687.4038197859,14.717813914909
11,27,73.7564784759346,4272.58023807495,158.357933289949,36687.4038197859,14.717813914909
12,27,73.7982044451627,4277.41582630694,158.357933289949,36687.4038197859,14.717813914909
13,27,73.8397141781395,4282.22906872048,158.357933289949,36687.4038197859,14.717813914909
14,27,73.8809954056909,4287.0184991553,158.357933289949,36687.4038197859,14.717813914909
15,27,73.9220359464698,4291.78265870449,158.357933289949,36687.4038197859,14.717813914909
5,28,74.6076384677702,4371.76157523077,163.15665854116,37799.1433294763,14.717813914909
6,28,74.651042759534,4376.84975158773,163.15665854116,37799.1433294763,14.717813914909
7,28,74.694303970025,4381.92409954325,163.15665854116,37799.1433294763,14.717813914909
8,28,74.7374091813395,4386.9830734018,163.15665854116,37799.1433294763,14.717813914909
9,28,74.7803455443021,4392.02513215091,163.15665854116,37799.1433294763,14.717813914909
10,28,74.8231002819827,4397.04873993067,163.15665854116,37799.1433294763,14.717813914909
11,28,74.8656606931688,4402.05236650147,163.15665854116,37799.1433294763,14.717813914909
12,28,74.9080141557916,4407.03448771018,163.15665854116,37799.1433294763,14.717813914909
13,28,74.9501481303078,4411.99358595443,163.15665854116,37799.1433294763,14.717813914909
14,28,74.9920501630338,4416.92815064485,163.15665854116,37799.1433294763,14.717813914909
15,28,75.0337078894344,4421.83667866523,163.15665854116,37799.1433294763,14.717813914909
5,29,75.6968586885745,4500.34279803168,167.955383792371,38910.8828391668,14.717813914909
6,29,75.7408966531529,4505.58062663443,167.955383792371,38910.8828391668,14.717813914909
7,29,75.7847894475703,4510.80422011806,167.955383792371,38910.8828391668,14.717813914909
8,29,75.8285239653305,4516.01198732538,167.955383792371,38910.8828391668,14.717813914909
9,29,75.872087169669,4521.20234192006,167.955383792371,38910.8828391668,14.717813914909
10,29,75.9154660971213,4526.37370286981,167.955383792371,38910.8828391668,14.717813914909
11,29,75.9586478610457,4531.52449492798,167.955383792371,38910.8828391668,14.717813914909
12,29,76.0016196551002,4536.65314911342,167.955383792371,38910.8828391668,14.717813914909
13,29,76.0443687566727,4541.75810318839,167.955383792371,38910.8828391668,14.717813914909
14,29,76.0868825302643,4546.83780213441,167.955383792371,38910.8828391668,14.717813914909
15,29,76.1291484308261,4551.89069862598,167.955383792371,38910.8828391668,14.717813914909
5,30,76.7706266282784,4628.92402083258,172.754109043581,40022.6223488573,14.717813914909
6,30,76.8152892760381,4634.31150168113,172.754109043581,40022.6223488573,14.717813914909
7,30,76.8598046943826,4639.68434069286,172.754109043581,40022.6223488573,14.717813914909
8,30,76.9041595908988,4645.04090124896,172.754109043581,40022.6223488573,14.717813914909
9,30,76.9483407438943,4650.3795516892,172.754109043581,40022.6223488573,14.717813914909
10,30,76.9923350060166,4655.69866580895,172.754109043581,40022.6223488573,14.717813914909
11,30,77.0361293078255,4660.99662335449,172.754109043581,40022.6223488573,14.717813914909
12,30,77.0797106613197,4666.27181051666,172.754109043581,40022.6223488573,14.717813914909
13,30,77.1230661634154,4671.52262042234,172.754109043581,40022.6223488573,14.717813914909
14,30,77.1661829993781,4676.74745362396,172.754109043581,40022.6223488573,14.717813914909
15,30,77.2090484462058,4681.94471858672,172.754109043581,40022.6223488573,14.717813914909
5,31,77.8295818470012,4757.50524363349,177.552834294792,41134.3618585478,14.717813914909
6,31,77.8748605603838,4763.04237672783,177.552834294792,41134.3618585478,14.717813914909
7,31,77.9199900135049,4768.56446126766,177.552834294792,41134.3618585478,14.717813914909
8,31,77.964956730599,4774.06981517254,177.552834294792,41134.3618585478,14.717813914909
9,31,78.0097473075967,4779.55676145835,177.552834294792,41134.3618585478,14.717813914909
10,31,78.0543484157943,4785.02362874808,177.552834294792,41134.3618585478,14.717813914909
11,31,78.0987468054749,4790.46875178101,177.552834294792,41134.3618585478,14.717813914909
12,31,78.1429293094839,4795.8904719199,177.552834294792,41134.3618585478,14.717813914909
13,31,78.1868828467556,4801.28713765629,177.552834294792,41134.3618585478,14.717813914909
14,31,78.230594425792,4806.65710511351,177.552834294792,41134.3618585478,14.717813914909
15,31,78.2740511480934,4811.99873854746,177.552834294792,41134.3618585478,14.717813914909
5,32,78.8743209673438,4886.08646643439,182.351559546002,42246.1013682383,14.717813914909
6,32,78.9202074758869,4891.77325177452,182.351559546002,42246.1013682383,14.717813914909
7,32,78.9659427205855,4897.44458184246,182.351559546002,42246.1013682383,14.717813914909
8,32,79.0115130447829,4903.09872909613,182.351559546002,42246.1013682383,14.717813914909
9,32,79.0569048644818,4908.73397122749,182.351559546002,42246.1013682383,14.717813914909
10,32,79.1021046720612,4914.34859168722,182.351559546002,42246.1013682383,14.717813914909
11,32,79.147099039948,4919.94088020752,182.351559546002,42246.1013682383,14.717813914909
12,32,79.1918746242394,4925.50913332314,182.351559546002,42246.1013682383,14.717813914909
13,32,79.2364181682768,4931.05165489025,182.351559546002,42246.1013682383,14.717813914909
14,32,79.2807165061721,4936.56675660307,182.351559546002,42246.1013682383,14.717813914909
15,32,79.3247565662835,4942.0527585082,182.351559546002,42246.1013682383,14.717813914909
5,33,79.9054016048983,5014.6676892353,187.150284797213,43357.8408779287,14.717813914909
6,33,79.9518879625419,5020.50412682122,187.150284797213,43357.8408779287,14.717813914909
7,33,79.9982210789519,5026.32470241726,187.150284797213,43357.8408779287,14.717813914909
8,33,80.0443871189457,5032.12764301971,187.150284797213,43357.8408779287,14.717813914909
9,33,80.0903723209497,5037.91118099664,187.150284797213,43357.8408779287,14.717813914909
10,33,80.1361630007654,5043.67355462636,187.150284797213,43357.8408779287,14.717813914909
11,33,80.1817455552884,5049.41300863404,187.150284797213,43357.8408779287,14.717813914909
12,33,80.2271064661782,5055.12779472638,187.150284797213,43357.8408779287,14.717813914909
13,33,80.2722323034794,5060.8161721242,187.150284797213,43357.8408779287,14.717813914909
14,33,80.3171097291934,5066.47640809262,187.150284797213,43357.8408779287,14.717813914909
15,33,80.3617255008,5072.10677846894,187.150284797213,43357.8408779287,14.717813914909
5,34,80.9233458479109,5143.2489120362,191.949010048424,44469.5803876192,14.717813914909
6,34,80.970424412329,5149.23500186792,191.949010048424,44469.5803876192,14.717813914909
7,34,81.0173477833169,5155.20482299206,191.949010048424,44469.5803876192,14.717813914909
8,34,81.0641019494411,5161.15655694329,191.949010048424,44469.5803876192,14.717813914909
9,34,81.1106729738138,5167.08839076578,191.949010048424,44469.5803876192,14.717813914909
10,34,81.1570469979087,5172.99851756549,191.949010048424,44469.5803876192,14.717813914909
11,34,81.2032102453264,5178.88513706055,191.949010048424,44469.5803876192,14.717813914909
12,34,81.2491490255112,5184.74645612963,191.949010048424,44469.5803876192,14.717813914909
13,34,81.2948497374188,5190.58068935815,191.949010048424,44469.5803876192,14.717813914909
14,34,81.3402988731327,5196.38605958218,191.949010048424,44469.5803876192,14.717813914909
15,34,81.3854830214316,5202.16079842969,191.949010048424,44469.5803876192,14.717813914909
5,35,81.9286433477396,5271.83013483711,196.747735299634,45581.3198973097,14.717813914909
6,35,81.9763067614691,5277.96587691462,196.747735299634,45581.3198973097,14.717813914909
7,35,82.023813053826,5284.08494356687,196.747735299634,45581.3198973097,14.717813914909
8,35,82.0711480393147,5290.18547086687,196.747735299634,45581.3198973097,14.717813914909
9,35,82.1182976079119,5296.26560053493,196.747735299634,45581.3198973097,14.717813914909
10,35,82.165247728929,5302.32348050463,196.747735299634,45581.3198973097,14.717813914909
11,35,82.2119844548247,5308.35726548706,196.747735299634,45581.3198973097,14.717813914909
12,35,82.2584939249679,5314.36511753287,196.747735299634,45581.3198973097,14.717813914909
13,35,82.3047623693504,5320.34520659211,196.747735299634,45581.3198973097,14.717813914909
14,35,82.3507761122494,5326.29571107173,196.747735299634,45581.3198973097,14.717813914909
15,35,82.3965215758379,5332.21481839043,196.747735299634,45581.3198973097,14.717813914909
5,36,82.9217540720264,5400.41135763801,201.546460550845,46693.0594070002,14.717813914909
6,36,82.9699952451988,5406.69675196132,201.546460550845,46693.0594070002,14.717813914909
7,36,83.0180773924275,5412.96506414167,201.546460550845,46693.0594070002,14.717813914909
8,36,83.0659861562652,5419.21438479045,201.546460550845,46693.0594070002,14.717813914909
9,36,83.113707255652,5425.44281030407,201.546460550845,46693.0594070002,14.717813914909
10,36,83.161226489824,5431.64844344377,201.546460550845,46693.0594070002,14.717813914909
11,36,83.2085297421725,5437.82939391358,201.546460550845,46693.0594070002,14.717813914909
12,36,83.2556029840528,5443.98377893611,201.546460550845,46693.0594070002,14.717813914909
13,36,83.3024322785414,5450.10972382606,201.546460550845,46693.0594070002,14.717813914909
14,36,83.349003784143,5456.20536256129,201.546460550845,46693.0594070002,14.717813914909
15,36,83.395303758445,5462.26883835117,201.546460550845,46693.0594070002,14.717813914909
5,37,83.903110764513,5528.99258043892,206.345185802055,47804.7989166907,14.717813914909
6,37,83.9519228590157,5535.42762700801,206.345185802055,47804.7989166907,14.717813914909
7,37,84.0005740455454,5541.84518471647,206.345185802055,47804.7989166907,14.717813914909
8,37,84.0490497967382,5548.24329871404,206.345185802055,47804.7989166907,14.717813914909
9,37,84.0973356625217,5554.62002007322,206.345185802055,47804.7989166907,14.717813914909
10,37,84.1454172740698,5560.9734063829,206.345185802055,47804.7989166907,14.717813914909
11,37,84.1932803477075,5567.30152234009,206.345185802055,47804.7989166907,14.717813914909
12,37,84.2409106887649,5573.60244033935,206.345185802055,47804.7989166907,14.717813914909
13,37,84.2882941953787,5579.87424106002,206.345185802055,47804.7989166907,14.717813914909
14,37,84.3354168622433,5586.11501405084,206.345185802055,47804.7989166907,14.717813914909
15,37,84.3822647843082,5592.32285831191,206.345185802055,47804.7989166907,14.717813914909
5,38,84.8731211488222,5657.57380323982,211.143911053266,48916.5384263812,14.717813914909
6,38,84.9224975637431,5664.15850205471,211.143911053266,48916.5384263812,14.717813914909
7,38,84.9717112104212,5670.72530529127,211.143911053266,48916.5384263812,14.717813914909
8,38,85.020747393541,5677.27221263762,211.143911053266,48916.5384263812,14.717813914909
9,38,85.0695914959715,5683.79722984236,211.143911053266,48916.5384263812,14.717813914909
10,38,85.1182289827675,5690.29836932204,211.143911053266,48916.5384263812,14.717813914909
11,38,85.1666454051194,5696.77365076661,211.143911053266,48916.5384263812,14.717813914909
12,38,85.2148264042514,5703.22110174259,211.143911053266,48916.5384263812,14.717813914909
13,38,85.2627577152678,5709.63875829397,211.143911053266,48916.5384263812,14.717813914909
14,38,85.3104251709462,5716.0246655404,211.143911053266,48916.5384263812,14.717813914909
15,38,85.3578147054791,5722.37687827265,211.143911053266,48916.5384263812,14.717813914909
5,39,85.8321699080431,5786.15502604073,215.942636304477,50028.2779360716,14.717813914909
6,39,85.8821042662659,5792.88937710141,215.942636304477,50028.2779360716,14.717813914909
7,39,85.9318740169985,5799.60542586607,215.942636304477,50028.2779360716,14.717813914909
8,39,85.9814642988711,5806.3011265612,215.942636304477,50028.2779360716,14.717813914909
9,39,86.0308603295823,5812.9744396115,215.942636304477,50028.2779360716,14.717813914909
10,39,86.0800474099449,5819.62333226118,215.942636304477,50028.2779360716,14.717813914909
11,39,86.1290109278808,5826.24577919312,215.942636304477,50028.2779360716,14.717813914909
12,39,86.177736362363,5832.83976314583,215.942636304477,50028.2779360716,14.717813914909
13,39,86.2262092873054,5839.40327552792,215.942636304477,50028.2779360716,14.717813914909
14,39,86.274415375399,5845.93431702995,215.942636304477,50028.2779360716,14.717813914909
15,39,86.3223404018953,5852.4308982334,215.942636304477,50028.2779360716,14.717813914909
5,40,86.7806204673814,5914.73624884163,220.741361555687,51140.0174457621,14.717813914909
6,40,86.831106603219,5921.62025214811,220.741361555687,51140.0174457621,14.717813914909
7,40,86.8814263126439,5928.48554644087,220.741361555687,51140.0174457621,14.717813914909
8,40,86.9315645700673,5935.33004048479,220.741361555687,51140.0174457621,14.717813914909
9,40,86.9815064298424,5942.15164938065,220.741361555687,51140.0174457621,14.717813914909
10,40,87.0312370303552,5948.94829520032,220.741361555687,51140.0174457621,14.717813914909
11,40,87.0807415980633,5955.71790761963,220.741361555687,51140.0174457621,14.717813914909
12,40,87.1300054514815,5962.45842454907,220.741361555687,51140.0174457621,14.717813914909
13,40,87.1790140051144,5969.16779276188,220.741361555687,51140.0174457621,14.717813914909
14,40,87.2277527733355,5975.8439685195,220.741361555687,51140.0174457621,14.717813914909
15,40,87.2762073742122,5982.48491819414,220.741361555687,51140.0174457621,14.717813914909
5,41,87.7188166033047,6043.31747164254,225.540086806898,52251.7569554526,14.717813914909
6,41,87.7698485510679,6050.35112719481,225.540086806898,52251.7569554526,14.717813914909
7,41,87.8207122731616,6057.36566701568,225.540086806898,52251.7569554526,14.717813914909
8,41,87.8713925815536,6064.35895440837,225.540086806898,52251.7569554526,14.717813914909
9,41,87.9218743690177,6071.32885914979,225.540086806898,52251.7569554526,14.717813914909
10,41,87.9721426132693,6078.27325813946,225.540086806898,52251.7569554526,14.717813914909
11,41,88.0221823810472,6085.19003604614,225.540086806898,52251.7569554526,14.717813914909
12,41,88.0719788321429,6092.07708595231,225.540086806898,52251.7569554526,14.717813914909
13,41,88.1215172233755,6098.93230999583,225.540086806898,52251.7569554526,14.717813914909
14,41,88.1707829125125,6105.75362000906,225.540086806898,52251.7569554526,14.717813914909
15,41,88.2197613621363,6112.53893815488,225.540086806898,52251.7569554526,14.717813914909
5,42,88.6470838993856,6171.89869444344,230.338812058108,53363.4964651431,14.717813914909
6,42,88.6986558827991,6179.0820022415,230.338812058108,53363.4964651431,14.717813914909
7,42,88.7500578603277,6186.24578759048,230.338812058108,53363.4964651431,14.717813914909
8,42,88.8012744832148,6193.38786833195,230.338812058108,53363.4964651431,14.717813914909
9,42,88.8522904843649,6200.50606891894,230.338812058108,53363.4964651431,14.717813914909
10,42,88.903090682523,6207.59822107859,230.338812058108,53363.4964651431,14.717813914909
11,42,88.9536599863997,6214.66216447266,230.338812058108,53363.4964651431,14.717813914909
12,42,89.0039833987428,6221.69574735555,230.338812058108,53363.4964651431,14.717813914909
13,42,89.0540460203544,6228.69682722979,230.338812058108,53363.4964651431,14.717813914909
14,42,89.1038330540537,6235.66327149861,230.338812058108,53363.4964651431,14.717813914909
15,42,89.1533298085835,6242.59295811562,230.338812058108,53363.4964651431,14.717813914909
5,43,89.5657310663249,6300.47991724435,235.137537309319,54475.2359748336,14.717813914909
6,43,89.6178374887111,6307.8128772882,235.137537309319,54475.2359748336,14.717813914909
7,43,89.6697721434464,6315.12590816528,235.137537309319,54475.2359748336,14.717813914909
8,43,89.7215195227153,6322.41678225553,235.137537309319,54475.2359748336,14.717813914909
9,43,89.7730642012101,6329.68327868808,235.137537309319,54475.2359748336,14.717813914909
10,43,89.8243908403527,6336.92318401773,235.137537309319,54475.2359748336,14.717813914909
11,43,89.875484192463,6344.13429289917,235.137537309319,54475.2359748336,14.717813914909
12,43,89.926329104873,6351.31440875879,235.137537309319,54475.2359748336,14.717813914909
13,43,89.9769105239847,6358.46134446374,235.137537309319,54475.2359748336,14.717813914909
14,43,90.0272134992744,6365.57292298817,235.137537309319,54475.2359748336,14.717813914909
15,43,90.0772231872401,6372.64697807637,235.137537309319,54475.2359748336,14.717813914909
5,44,90.4750511413271,6429.06114004526,239.936262560529,55586.975484524,14.717813914909
6,44,90.527686576488,6436.5437523349,239.936262560529,55586.975484524,14.717813914909
7,44,90.5801485001193,6444.00602874008,239.936262560529,55586.975484524,14.717813914909
8,44,90.6324212469617,6451.44569617911,239.936262560529,55586.975484524,14.717813914909
9,44,90.6844892351014,6458.86048845723,239.936262560529,55586.975484524,14.717813914909
10,44,90.7363369702345,6466.24814695687,239.936262560529,55586.975484524,14.717813914909
11,44,90.7879490498785,6473.60642132569,239.936262560529,55586.975484524,14.717813914909
12,44,90.839310167527,6480.93307016203,239.936262560529,55586.975484524,14.717813914909
13,44,90.8904051167497,6488.22586169769,239.936262560529,55586.975484524,14.717813914909
14,44,90.9412187952372,6495.48257447772,239.936262560529,55586.975484524,14.717813914909
15,44,90.991736208788,6502.70099803711,239.936262560529,55586.975484524,14.717813914909
5,45,91.3753225800394,6557.64236284616,244.73498781174,56698.7149942145,14.717813914909
6,45,91.4284817637735,6565.2746273816,244.73498781174,56698.7149942145,14.717813914909
7,45,91.4814657094525,6572.88614931488,244.73498781174,56698.7149942145,14.717813914909
8,45,91.5342585959402,6580.47461010269,244.73498781174,56698.7149942145,14.717813914909
9,45,91.5868446862749,6588.03769822637,244.73498781174,56698.7149942145,14.717813914909
10,45,91.6392083319769,6595.573109896,244.73498781174,56698.7149942145,14.717813914909
11,45,91.6913339773013,6603.0785497522,244.73498781174,56698.7149942145,14.717813914909
12,45,91.7432061634343,6610.55173156527,244.73498781174,56698.7149942145,14.717813914909
13,45,91.7948095326344,6617.99037893165,244.73498781174,56698.7149942145,14.717813914909
14,45,91.8461288323164,6625.39222596728,244.73498781174,56698.7149942145,14.717813914909
15,45,91.8971489190794,6632.75501799785,244.73498781174,56698.7149942145,14.717813914909
5,46,92.2668102525864,6686.22358564706,249.533713062951,57810.454503905,14.717813914909
6,46,92.3204880747848,6694.0055024283,249.533713062951,57810.454503905,14.717813914909
7,46,92.3739889492481,6701.76626988968,249.533713062951,57810.454503905,14.717813914909
8,46,92.4272969004838,6709.50352402628,249.533713062951,57810.454503905,14.717813914909
9,46,92.4803960379953,6717.21490799552,249.533713062951,57810.454503905,14.717813914909
10,46,92.5332705606313,6724.89807283514,249.533713062951,57810.454503905,14.717813914909
11,46,92.5859047608796,6732.55067817871,249.533713062951,57810.454503905,14.717813914909
12,46,92.6382830291055,6740.17039296851,249.533713062951,57810.454503905,14.717813914909
13,46,92.690389857732,6747.7548961656,249.533713062951,57810.454503905,14.717813914909
14,46,92.7422098453651,6755.30187745683,249.533713062951,57810.454503905,14.717813914909
15,46,92.7937277008594,6762.80903795859,249.533713062951,57810.454503905,14.717813914909
5,47,93.1497663537987,6814.80480844797,254.332438314161,58922.1940135955,14.717813914909
6,47,93.2039578510714,6822.73637747499,254.332438314161,58922.1940135955,14.717813914909
7,47,93.2579707072907,6830.64639046449,254.332438314161,58922.1940135955,14.717813914909
8,47,93.311788794085,6838.53243794986,254.332438314161,58922.1940135955,14.717813914909
9,47,93.3653960688921,6846.39211776466,254.332438314161,58922.1940135955,14.717813914909
10,47,93.41877657935,6854.22303577428,254.332438314161,58922.1940135955,14.717813914909
11,47,93.4719144676322,6862.02280660523,254.332438314161,58922.1940135955,14.717813914909
12,47,93.5247939747257,6869.78905437175,254.332438314161,58922.1940135955,14.717813914909
13,47,93.5773994446527,6877.51941339956,254.332438314161,58922.1940135955,14.717813914909
14,47,93.6297153286337,6885.21152894639,254.332438314161,58922.1940135955,14.717813914909
15,47,93.6817261891936,6892.86305791934,254.332438314161,58922.1940135955,14.717813914909
5,48,94.0244312365026,6943.38603124888,259.131163565372,60033.933523286,14.717813914909
6,48,94.0791315852889,6951.46725252169,259.131163565372,60033.933523286,14.717813914909
7,48,94.1336516156043,6959.52651103929,259.131163565372,60033.933523286,14.717813914909
8,48,94.1879750476336,6967.56135187344,259.131163565372,60033.933523286,14.717813914909
9,48,94.2420856881771,6975.56932753381,259.131163565372,60033.933523286,14.717813914909
10,48,94.2959674350819,6983.54799871342,259.131163565372,60033.933523286,14.717813914909
11,48,94.3496042816185,6991.49493503174,259.131163565372,60033.933523286,14.717813914909
12,48,94.4029803207989,6999.407715775,259.131163565372,60033.933523286,14.717813914909
13,48,94.4560797496373,7007.28393063351,259.131163565372,60033.933523286,14.717813914909
14,48,94.5088868733531,7015.12118043594,259.131163565372,60033.933523286,14.717813914909
15,48,94.5613861095153,7022.91707788008,259.131163565372,60033.933523286,14.717813914909
5,49,94.8910341756708,7071.96725404978,263.929888816582,61145.6730329764,14.717813914909
6,49,94.9462386857949,7080.19812756839,263.929888816582,61145.6730329764,14.717813914909
7,49,95.0012612154914,7088.40663161409,263.929888816582,61145.6730329764,14.717813914909
8,49,95.0560853348979,7096.59026579702,263.929888816582,61145.6730329764,14.717813914909
9,49,95.1106947015652,7104.74653730295,263.929888816582,61145.6730329764,14.717813914909
10,49,95.1650730649304,7112.87296165255,263.929888816582,61145.6730329764,14.717813914909
11,49,95.2192042707335,7120.96706345826,263.929888816582,61145.6730329764,14.717813914909
12,49,95.2730722653751,7129.02637717824,263.929888816582,61145.6730329764,14.717813914909
13,49,95.3266611002167,7137.04844786746,263.929888816582,61145.6730329764,14.717813914909
14,49,95.3799549358224,7145.03083192549,263.929888816582,61145.6730329764,14.717813914909
15,49,95.4329380461412,7152.97109784082,263.929888816582,61145.6730329764,14.717813914909
5,50,95.7497940703208,7200.54847685068,268.728614067793,62257.4125426669,14.717813914909
6,50,95.805498178955,7208.92900261509,268.728614067793,62257.4125426669,14.717813914909
7,50,95.8610186602464,7217.28675218889,268.728614067793,62257.4125426669,14.717813914909
8,50,95.9163389356429,7225.61917972061,268.728614067793,62257.4125426669,14.717813914909
9,50,95.9714425147969,7233.9237470721,268.728614067793,62257.4125426669,14.717813914909
10,50,96.0263130000786,7242.19792459169,268.728614067793,62257.4125426669,14.717813914909
11,50,96.0809340910326,7250.43919188477,268.728614067793,62257.4125426669,14.717813914909
12,50,96.135289588775,7258.64503858148,268.728614067793,62257.4125426669,14.717813914909
13,50,96.1893634003329,7266.81296510142,268.728614067793,62257.4125426669,14.717813914909
14,50,96.2431395429242,7274.94048341505,268.728614067793,62257.4125426669,14.717813914909
15,50,96.2966021481777,7283.02511780156,268.728614067793,62257.4125426669,14.717813914909
